instrument_name,currency,type,strike,expiration_timestamp,expiration,creation_timestamp,contract_size,tick_size,min_trade_amount,spot_ref,mark_price,best_bid_price,best_ask_price,underlying_price,mark_iv,bid_iv,ask_iv,open_interest,volume,volume_usd,delta,gamma,theta,vega
BTC-13MAR26-61000-C,BTC,call,61000.0,1773388800000,2026-03-13 08:00:00+00:00,1771910221000,1.0,0.0001,0.1,66742.5678,0.0951,0.0815,0.101,66342.3,63.29,28.16,74.21,2.0,0.0,0.0,0.78695,4e-05,-93.14463,34.6075
BTC-13MAR26-62000-C,BTC,call,62000.0,1773388800000,2026-03-13 08:00:00+00:00,1771488020000,1.0,0.0001,0.1,66742.5678,0.0829,0.081,0.0855,66342.3,61.1,57.88,65.72,9.1,0.0,0.0,0.74925,4e-05,-98.46943,37.89797
BTC-13MAR26-63000-C,BTC,call,63000.0,1773388800000,2026-03-13 08:00:00+00:00,1771516320000,1.0,0.0001,0.1,66742.5678,0.0714,0.07,0.0735,66341.29,59.4,57.14,62.78,29.5,2.2,8287.96,0.70473,5e-05,-103.81218,41.09982
BTC-13MAR26-64000-C,BTC,call,64000.0,1773388800000,2026-03-13 08:00:00+00:00,1771488020000,1.0,0.0001,0.1,66742.5678,0.0606,0.059,0.063,66341.29,57.56,55.23,61.28,43.2,15.2,72302.81,0.65522,5e-05,-107.35771,43.85923
BTC-13MAR26-65000-C,BTC,call,65000.0,1773388800000,2026-03-13 08:00:00+00:00,1771488020000,1.0,0.0001,0.1,66742.5678,0.0508,0.0505,0.052,66341.16,56.27,55.86,58.02,138.5,51.4,191659.11,0.59975,6e-05,-110.10097,46.00859
BTC-13MAR26-66000-C,BTC,call,66000.0,1773388800000,2026-03-13 08:00:00+00:00,1771488020000,1.0,0.0001,0.1,66742.5678,0.042,0.0415,0.0425,66341.16,55.18,54.45,55.86,222.2,58.8,165284.77,0.54045,6e-05,-110.88577,47.25701
BTC-13MAR26-67000-C,BTC,call,67000.0,1773388800000,2026-03-13 08:00:00+00:00,1771488020000,1.0,0.0001,0.1,66742.5678,0.0342,0.0335,0.0345,66341.29,54.14,53.19,54.59,133.4,11.2,29672.42,0.47882,6e-05,-109.2002,47.43459
BTC-13MAR26-68000-C,BTC,call,68000.0,1773388800000,2026-03-13 08:00:00+00:00,1771488020000,1.0,0.0001,0.1,66742.5678,0.0275,0.027,0.028,66341.16,53.4,52.72,54.15,284.6,38.3,72062.74,0.41691,6e-05,-105.51238,46.46752
BTC-13MAR26-69000-C,BTC,call,69000.0,1773388800000,2026-03-13 08:00:00+00:00,1771488020000,1.0,0.0001,0.1,66742.5678,0.0222,0.0215,0.0225,66340.96,53.39,52.39,53.88,390.0,13.7,24342.3,0.35861,6e-05,-101.00544,44.48564
BTC-13MAR26-70000-C,BTC,call,70000.0,1773388800000,2026-03-13 08:00:00+00:00,1771488020000,1.0,0.0001,0.1,66742.5678,0.0175,0.0165,0.0175,66340.74,53.04,51.48,53.09,455.5,29.0,39580.59,0.30279,6e-05,-93.77293,41.57213
BTC-13MAR26-71000-C,BTC,call,71000.0,1773388800000,2026-03-13 08:00:00+00:00,1771579980000,1.0,0.0001,0.1,66742.5678,0.0139,0.013,0.0135,66340.96,53.23,51.71,52.59,139.4,8.5,8863.98,0.25378,5e-05,-86.33254,38.13789
BTC-13MAR26-72000-C,BTC,call,72000.0,1773388800000,2026-03-13 08:00:00+00:00,1771488020000,1.0,0.0001,0.1,66742.5678,0.0105,0.01,0.0105,66340.96,52.72,51.65,52.64,498.9,64.4,43701.91,0.20672,5e-05,-76.21879,33.99843
BTC-13MAR26-73000-C,BTC,call,73000.0,1773388800000,2026-03-13 08:00:00+00:00,1772094055000,1.0,0.0001,0.1,66742.5678,0.0084,0.0075,0.0085,66340.74,53.38,51.38,53.62,188.5,180.0,101935.83,0.17092,4e-05,-68.63345,30.23498
BTC-13MAR26-61000-P,BTC,put,61000.0,1773388800000,2026-03-13 08:00:00+00:00,1771910221000,1.0,0.0001,0.1,66742.5678,0.0145,0.014,0.015,66341.29,63.29,62.23,64.15,179.5,20.6,21663.5,-0.21309,4e-05,-93.15315,34.61067
BTC-13MAR26-62000-P,BTC,put,62000.0,1773388800000,2026-03-13 08:00:00+00:00,1771488020000,1.0,0.0001,0.1,66742.5678,0.0174,0.017,0.018,66342.3,61.1,60.45,62.2,349.8,31.5,40888.07,-0.25075,4e-05,-98.46943,37.89797
BTC-13MAR26-63000-P,BTC,put,63000.0,1773388800000,2026-03-13 08:00:00+00:00,1771516320000,1.0,0.0001,0.1,66742.5678,0.021,0.0205,0.0215,66342.3,59.4,58.55,60.17,292.8,34.5,57428.68,-0.29522,5e-05,-103.80578,41.09729
BTC-13MAR26-64000-P,BTC,put,64000.0,1773388800000,2026-03-13 08:00:00+00:00,1771488020000,1.0,0.0001,0.1,66742.5678,0.0252,0.025,0.026,66341.29,57.56,57.19,58.7,157.7,13.6,21490.46,-0.34478,5e-05,-107.35771,43.85923
BTC-13MAR26-65000-P,BTC,put,65000.0,1773388800000,2026-03-13 08:00:00+00:00,1771488020000,1.0,0.0001,0.1,66742.5678,0.0306,0.03,0.031,66341.16,56.27,55.45,56.89,419.4,113.0,232339.77,-0.40025,6e-05,-110.10133,46.0086
BTC-13MAR26-66000-P,BTC,put,66000.0,1773388800000,2026-03-13 08:00:00+00:00,1771488020000,1.0,0.0001,0.1,66742.5678,0.0368,0.0365,0.037,66341.16,55.18,54.65,55.36,91.1,13.4,31465.2,-0.45955,6e-05,-110.88577,47.25701
BTC-13MAR26-67000-P,BTC,put,67000.0,1773388800000,2026-03-13 08:00:00+00:00,1771488020000,1.0,0.0001,0.1,66742.5678,0.0441,0.0435,0.0445,66341.16,54.14,53.29,54.69,139.7,21.0,65754.23,-0.52119,6e-05,-109.19987,47.43445
BTC-13MAR26-68000-P,BTC,put,68000.0,1773388800000,2026-03-13 08:00:00+00:00,1771488020000,1.0,0.0001,0.1,66742.5678,0.0525,0.0515,0.053,66340.99,53.4,52.0,54.14,86.1,9.5,26765.86,-0.5831,6e-05,-105.51166,46.46714
BTC-13MAR26-69000-P,BTC,put,69000.0,1773388800000,2026-03-13 08:00:00+00:00,1771488020000,1.0,0.0001,0.1,66742.5678,0.0622,0.059,0.0645,66340.96,53.39,48.5,56.73,20.4,0.1,400.12,-0.64139,6e-05,-101.00544,44.48564
BTC-13MAR26-70000-P,BTC,put,70000.0,1773388800000,2026-03-13 08:00:00+00:00,1771488020000,1.0,0.0001,0.1,66742.5678,0.0726,0.0695,0.074,66340.74,53.04,47.96,55.22,34.0,1.9,7263.56,-0.69721,6e-05,-93.77293,41.57213
BTC-13MAR26-71000-P,BTC,put,71000.0,1773388800000,2026-03-13 08:00:00+00:00,1771579980000,1.0,0.0001,0.1,66742.5678,0.0841,0.08,0.1005,66340.99,53.23,45.82,79.49,3.3,0.0,0.0,-0.74622,5e-05,-86.33285,38.13803
BTC-13MAR26-72000-P,BTC,put,72000.0,1773388800000,2026-03-13 08:00:00+00:00,1771488020000,1.0,0.0001,0.1,66742.5678,0.0958,0.0915,0.098,66340.99,52.72,43.56,56.82,1.6,0.1,531.11,-0.79328,5e-05,-76.21912,33.99858
BTC-13MAR26-73000-P,BTC,put,73000.0,1773388800000,2026-03-13 08:00:00+00:00,1772094055000,1.0,0.0001,0.1,66742.5678,0.1088,0.103,0.1415,66340.24,53.38,38.02,108.88,0.0,0.0,0.0,-0.8291,4e-05,-68.6278,30.23249
BTC-20MAR26-61000-C,BTC,call,61000.0,1773993600000,2026-03-20 08:00:00+00:00,1772274780000,1.0,0.0001,0.1,66742.5678,0.1015,0.1,0.115,66372.225,59.1,56.91,77.22,0.0,0.0,0.0,0.75709,4e-05,-74.17036,47.08166
BTC-20MAR26-62000-C,BTC,call,62000.0,1773993600000,2026-03-20 08:00:00+00:00,1772092841000,1.0,0.0001,0.1,66742.5678,0.09,0.0885,0.092,66372.225,57.63,55.66,60.25,13.1,0.1,657.62,0.72137,4e-05,-77.62154,50.52864
BTC-20MAR26-63000-C,BTC,call,63000.0,1773993600000,2026-03-20 08:00:00+00:00,1772205660000,1.0,0.0001,0.1,66742.5678,0.079,0.0775,0.0815,66372.225,56.25,54.35,59.29,26.3,0.0,0.0,0.68177,4e-05,-80.49587,53.68193
BTC-20MAR26-64000-C,BTC,call,64000.0,1773993600000,2026-03-20 08:00:00+00:00,1772092841000,1.0,0.0001,0.1,66742.5678,0.0689,0.067,0.0715,66372.225,55.14,52.93,58.23,11.0,0.8,3055.8,0.63821,5e-05,-82.87478,56.3868
BTC-20MAR26-65000-C,BTC,call,65000.0,1773993600000,2026-03-20 08:00:00+00:00,1772092841000,1.0,0.0001,0.1,66742.5678,0.0595,0.059,0.0605,66372.365,54.19,53.61,55.32,32.9,1.7,5394.75,0.59154,5e-05,-84.41344,58.43895
BTC-20MAR26-66000-C,BTC,call,66000.0,1773993600000,2026-03-20 08:00:00+00:00,1772092841000,1.0,0.0001,0.1,66742.5678,0.0509,0.0505,0.0515,66372.365,53.33,52.86,53.97,33.5,2.5,9421.43,0.5426,5e-05,-84.84808,59.68354
BTC-20MAR26-67000-C,BTC,call,67000.0,1773993600000,2026-03-20 08:00:00+00:00,1772092841000,1.0,0.0001,0.1,66742.5678,0.0432,0.0425,0.044,66372.365,52.62,51.84,53.5,30.3,1.7,4709.35,0.49232,5e-05,-84.1824,60.01496
BTC-20MAR26-68000-C,BTC,call,68000.0,1773993600000,2026-03-20 08:00:00+00:00,1772092841000,1.0,0.0001,0.1,66742.5678,0.0363,0.036,0.037,66372.365,51.98,51.65,52.76,324.6,29.0,89519.53,0.44169,5e-05,-82.27989,59.3838
BTC-20MAR26-69000-C,BTC,call,69000.0,1773993600000,2026-03-20 08:00:00+00:00,1772092841000,1.0,0.0001,0.1,66742.5678,0.0307,0.03,0.031,66372.44,51.98,51.19,52.33,146.6,75.2,196205.82,0.39336,5e-05,-80.18104,57.8688
BTC-20MAR26-70000-C,BTC,call,70000.0,1773993600000,2026-03-20 08:00:00+00:00,1772092841000,1.0,0.0001,0.1,66742.5678,0.0257,0.0245,0.0255,66372.44,51.93,50.46,51.66,55.1,8.0,19194.12,0.34711,5e-05,-76.91365,55.56202
BTC-20MAR26-71000-C,BTC,call,71000.0,1773993600000,2026-03-20 08:00:00+00:00,1772092841000,1.0,0.0001,0.1,66742.5678,0.0214,0.0205,0.021,66372.44,51.81,50.73,51.36,185.8,1.0,1253.28,0.30323,4e-05,-72.59582,52.5676
BTC-20MAR26-72000-C,BTC,call,72000.0,1773993600000,2026-03-20 08:00:00+00:00,1772092841000,1.0,0.0001,0.1,66742.5678,0.0174,0.0165,0.0175,66372.44,51.45,50.21,51.58,50.2,12.6,17240.27,0.26127,4e-05,-67.10197,48.92739
BTC-20MAR26-73000-C,BTC,call,73000.0,1773993600000,2026-03-20 08:00:00+00:00,1772094091000,1.0,0.0001,0.1,66742.5678,0.0144,0.0135,0.0145,66372.44,51.65,50.29,51.78,268.2,164.5,183639.66,0.22533,4e-05,-62.18068,45.16337
BTC-20MAR26-61000-P,BTC,put,61000.0,1773993600000,2026-03-20 08:00:00+00:00,1772274780000,1.0,0.0001,0.1,66742.5678,0.0206,0.02,0.021,66372.225,59.1,58.25,59.66,19.9,40.8,57340.1,-0.24291,4e-05,-74.17036,47.08166
BTC-20MAR26-62000-P,BTC,put,62000.0,1773993600000,2026-03-20 08:00:00+00:00,1772092841000,1.0,0.0001,0.1,66742.5678,0.0241,0.0235,0.0245,66372.225,57.63,56.82,58.13,154.5,27.7,44024.64,-0.27863,4e-05,-77.62154,50.52864
BTC-20MAR26-63000-P,BTC,put,63000.0,1773993600000,2026-03-20 08:00:00+00:00,1772205660000,1.0,0.0001,0.1,66742.5678,0.0282,0.0275,0.029,66372.225,56.25,55.36,57.21,34.6,25.2,50504.98,-0.31823,4e-05,-80.49587,53.68193
BTC-20MAR26-64000-P,BTC,put,64000.0,1773993600000,2026-03-20 08:00:00+00:00,1772092841000,1.0,0.0001,0.1,66742.5678,0.0331,0.0325,0.0335,66372.365,55.14,54.4,55.57,123.7,28.0,61114.11,-0.36179,5e-05,-82.87443,56.38658
BTC-20MAR26-65000-P,BTC,put,65000.0,1773993600000,2026-03-20 08:00:00+00:00,1772092841000,1.0,0.0001,0.1,66742.5678,0.0388,0.038,0.0395,66372.365,54.19,53.25,54.95,133.0,8.4,24447.97,-0.40846,5e-05,-84.41344,58.43895
BTC-20MAR26-66000-P,BTC,put,66000.0,1773993600000,2026-03-20 08:00:00+00:00,1772092841000,1.0,0.0001,0.1,66742.5678,0.0453,0.0445,0.046,66372.365,53.33,52.43,54.09,47.2,3.2,8363.24,-0.4574,5e-05,-84.84808,59.68354
BTC-20MAR26-67000-P,BTC,put,67000.0,1773993600000,2026-03-20 08:00:00+00:00,1772092841000,1.0,0.0001,0.1,66742.5678,0.0527,0.052,0.053,66372.365,52.62,51.89,52.99,20.0,13.2,41372.42,-0.50768,5e-05,-84.1824,60.01496
BTC-20MAR26-68000-P,BTC,put,68000.0,1773993600000,2026-03-20 08:00:00+00:00,1772092841000,1.0,0.0001,0.1,66742.5678,0.0608,0.06,0.0615,66372.365,51.98,51.06,52.74,73.5,10.5,33638.73,-0.55831,5e-05,-82.27989,59.3838
BTC-20MAR26-69000-P,BTC,put,69000.0,1773993600000,2026-03-20 08:00:00+00:00,1772092841000,1.0,0.0001,0.1,66742.5678,0.0703,0.067,0.0725,66372.44,51.98,48.2,54.52,24.1,19.1,74554.07,-0.60664,5e-05,-80.18104,57.8688
BTC-20MAR26-70000-P,BTC,put,70000.0,1773993600000,2026-03-20 08:00:00+00:00,1772092841000,1.0,0.0001,0.1,66742.5678,0.0804,0.077,0.082,66372.44,51.93,47.85,53.85,3.4,1.1,5347.87,-0.65289,5e-05,-76.91365,55.56202
BTC-20MAR26-71000-P,BTC,put,71000.0,1773993600000,2026-03-20 08:00:00+00:00,1772092841000,1.0,0.0001,0.1,66742.5678,0.0911,0.0865,0.123,66372.44,51.81,45.91,89.46,0.0,0.0,0.0,-0.69677,4e-05,-72.59582,52.5676
BTC-20MAR26-72000-P,BTC,put,72000.0,1773993600000,2026-03-20 08:00:00+00:00,1772092841000,1.0,0.0001,0.1,66742.5678,0.1022,0.077,0.1175,66372.44,51.45,0.0,70.88,0.0,0.0,0.0,-0.73873,4e-05,-67.10197,48.92739
BTC-20MAR26-73000-P,BTC,put,73000.0,1773993600000,2026-03-20 08:00:00+00:00,1772094091000,1.0,0.0001,0.1,66742.5678,0.1143,0.1095,0.117,66372.325,51.65,44.25,55.57,0.0,0.0,0.0,-0.77467,4e-05,-62.18037,45.16294
BTC-27MAR26-62000-C,BTC,call,62000.0,1774598400000,2026-03-27 08:00:00+00:00,1770298046000,1.0,0.0001,0.1,66742.5678,0.0964,0.095,0.0975,66409.63,55.91,54.34,57.07,62.2,39.2,257860.97,0.70431,4e-05,-66.13935,60.93522
BTC-27MAR26-64000-C,BTC,call,64000.0,1774598400000,2026-03-27 08:00:00+00:00,1770318840000,1.0,0.0001,0.1,66742.5678,0.0761,0.074,0.0785,66409.63,53.94,51.87,56.35,351.4,11.2,56618.58,0.62914,4e-05,-69.80066,66.65957
BTC-27MAR26-65000-C,BTC,call,65000.0,1774598400000,2026-03-27 08:00:00+00:00,1743975960000,1.0,0.0001,0.1,66742.5678,0.0669,0.0665,0.0675,66409.63,53.16,52.73,53.69,1349.1,58.0,213296.26,0.58805,4e-05,-70.85589,68.65856
BTC-27MAR26-66000-C,BTC,call,66000.0,1774598400000,2026-03-27 08:00:00+00:00,1770298046000,1.0,0.0001,0.1,66742.5678,0.0583,0.058,0.059,66409.63,52.25,51.97,52.92,1137.1,15.9,59400.61,0.54537,4e-05,-70.92015,69.92409
BTC-27MAR26-67000-C,BTC,call,67000.0,1774598400000,2026-03-27 08:00:00+00:00,1772094164000,1.0,0.0001,0.1,66742.5678,0.0505,0.05,0.051,66409.63,51.59,51.08,52.02,220.6,38.0,133420.2,0.50157,4e-05,-70.48118,70.3792
BTC-27MAR26-68000-C,BTC,call,68000.0,1774598400000,2026-03-27 08:00:00+00:00,1770256800000,1.0,0.0001,0.1,66742.5678,0.0435,0.043,0.044,66409.63,50.96,50.52,51.46,1496.8,14.1,42911.19,0.45734,4e-05,-69.22089,69.977
BTC-27MAR26-69000-C,BTC,call,69000.0,1774598400000,2026-03-27 08:00:00+00:00,1772094164000,1.0,0.0001,0.1,66742.5678,0.0372,0.0365,0.0375,66409.63,50.44,49.81,50.77,110.6,1.1,2111.19,0.4135,4e-05,-67.28964,68.71889
BTC-27MAR26-70000-C,BTC,call,70000.0,1774598400000,2026-03-27 08:00:00+00:00,1743062460000,1.0,0.0001,0.1,66742.5678,0.032,0.031,0.032,66409.63,50.39,49.44,50.44,2276.5,196.0,430690.15,0.37207,4e-05,-65.27653,66.72926
BTC-27MAR26-71000-C,BTC,call,71000.0,1774598400000,2026-03-27 08:00:00+00:00,1772094164000,1.0,0.0001,0.1,66742.5678,0.0273,0.026,0.027,66409.72,50.31,48.96,50.0,39.0,2.5,4065.58,0.33239,4e-05,-62.56858,64.07305
BTC-27MAR26-72000-C,BTC,call,72000.0,1774598400000,2026-03-27 08:00:00+00:00,1770009420000,1.0,0.0001,0.1,66742.5678,0.023,0.022,0.023,66409.69,50.01,48.93,50.02,1876.0,95.7,153015.42,0.2939,4e-05,-58.98372,60.76507
BTC-27MAR26-62000-P,BTC,put,62000.0,1774598400000,2026-03-27 08:00:00+00:00,1770298046000,1.0,0.0001,0.1,66742.5678,0.03,0.0295,0.0305,66409.56,55.91,55.33,56.42,3337.4,13.3,29044.04,-0.29569,4e-05,-66.13953,60.93539
BTC-27MAR26-64000-P,BTC,put,64000.0,1774598400000,2026-03-27 08:00:00+00:00,1770318840000,1.0,0.0001,0.1,66742.5678,0.0398,0.0395,0.0405,66409.63,53.94,53.65,54.65,497.4,86.5,251341.26,-0.37086,4e-05,-69.80066,66.65957
BTC-27MAR26-65000-P,BTC,put,65000.0,1774598400000,2026-03-27 08:00:00+00:00,1743975960000,1.0,0.0001,0.1,66742.5678,0.0457,0.045,0.046,66409.56,53.16,52.46,53.43,2869.5,77.8,282400.76,-0.41195,4e-05,-70.85593,68.65861
BTC-27MAR26-66000-P,BTC,put,66000.0,1774598400000,2026-03-27 08:00:00+00:00,1770298046000,1.0,0.0001,0.1,66742.5678,0.0521,0.0515,0.053,66409.63,52.25,51.65,53.08,1310.5,76.8,285380.38,-0.45463,4e-05,-70.92015,69.92409
BTC-27MAR26-67000-P,BTC,put,67000.0,1774598400000,2026-03-27 08:00:00+00:00,1772094164000,1.0,0.0001,0.1,66742.5678,0.0594,0.059,0.06,66409.63,51.59,51.18,52.12,100.4,7.3,28359.38,-0.49843,4e-05,-70.48118,70.3792
BTC-27MAR26-68000-P,BTC,put,68000.0,1774598400000,2026-03-27 08:00:00+00:00,1770256800000,1.0,0.0001,0.1,66742.5678,0.0674,0.067,0.068,66409.63,50.96,50.56,51.51,1500.6,3.8,14795.33,-0.54266,4e-05,-69.22098,69.977
BTC-27MAR26-69000-P,BTC,put,69000.0,1774598400000,2026-03-27 08:00:00+00:00,1772094164000,1.0,0.0001,0.1,66742.5678,0.0762,0.075,0.077,66409.56,50.44,49.32,51.25,17.0,0.8,3402.98,-0.5865,4e-05,-67.28946,68.7187
BTC-27MAR26-70000-P,BTC,put,70000.0,1774598400000,2026-03-27 08:00:00+00:00,1743062460000,1.0,0.0001,0.1,66742.5678,0.086,0.084,0.088,66409.63,50.39,48.38,52.36,4190.6,13.2,67084.38,-0.62793,4e-05,-65.27653,66.72926
BTC-27MAR26-71000-P,BTC,put,71000.0,1774598400000,2026-03-27 08:00:00+00:00,1772094164000,1.0,0.0001,0.1,66742.5678,0.0964,0.0935,0.1385,66409.72,50.31,47.26,91.62,0.7,0.6,3144.62,-0.66761,4e-05,-62.56858,64.07305
BTC-27MAR26-72000-P,BTC,put,72000.0,1774598400000,2026-03-27 08:00:00+00:00,1770009420000,1.0,0.0001,0.1,66742.5678,0.1072,0.104,0.1095,66409.69,50.01,46.5,52.54,337.8,0.0,0.0,-0.7061,4e-05,-58.98372,60.76507
BTC-24APR26-61000-C,BTC,call,61000.0,1777017600000,2026-04-24 08:00:00+00:00,1771334101000,1.0,0.0001,0.1,66742.5678,0.1257,0.1235,0.1285,66532.96,52.67,51.0,54.76,16.1,0.3,2349.31,0.70216,3e-05,-43.34769,88.48774
BTC-24APR26-62000-C,BTC,call,62000.0,1777017600000,2026-04-24 08:00:00+00:00,1770297988000,1.0,0.0001,0.1,66742.5678,0.1154,0.1135,0.117,66532.96,51.88,50.5,53.03,94.8,0.3,2199.9,0.67506,3e-05,-44.3439,91.89134
BTC-24APR26-63000-C,BTC,call,63000.0,1777017600000,2026-04-24 08:00:00+00:00,1771334101000,1.0,0.0001,0.1,66742.5678,0.1057,0.1025,0.109,66533.03,51.27,48.99,53.55,41.0,0.4,3010.3,0.64643,3e-05,-45.26413,94.92297
BTC-24APR26-64000-C,BTC,call,64000.0,1777017600000,2026-04-24 08:00:00+00:00,1770297988000,1.0,0.0001,0.1,66742.5678,0.0964,0.0935,0.099,66533.03,50.6,48.61,52.36,194.9,5.1,36757.67,0.61676,3e-05,-45.87637,97.4699
BTC-24APR26-65000-C,BTC,call,65000.0,1777017600000,2026-04-24 08:00:00+00:00,1770003180000,1.0,0.0001,0.1,66742.5678,0.0878,0.0875,0.0885,66532.96,50.11,49.91,50.58,74.9,8.7,53571.64,0.58604,3e-05,-46.37088,99.48575
BTC-24APR26-66000-C,BTC,call,66000.0,1777017600000,2026-04-24 08:00:00+00:00,1770297988000,1.0,0.0001,0.1,66742.5678,0.0796,0.079,0.08,66532.96,49.63,49.21,49.87,442.5,8.5,44707.09,0.55467,3e-05,-46.57681,100.90617
BTC-24APR26-67000-C,BTC,call,67000.0,1777017600000,2026-04-24 08:00:00+00:00,1771334101000,1.0,0.0001,0.1,66742.5678,0.072,0.0715,0.0725,66532.92,49.16,48.86,49.51,124.6,1.8,9138.47,0.52283,3e-05,-46.499,101.69712
BTC-24APR26-68000-C,BTC,call,68000.0,1777017600000,2026-04-24 08:00:00+00:00,1770255900000,1.0,0.0001,0.1,66742.5678,0.0648,0.064,0.0655,66533.66,48.72,48.2,49.18,690.6,101.3,502324.23,0.49078,3e-05,-46.14798,101.83786
BTC-24APR26-69000-C,BTC,call,69000.0,1777017600000,2026-04-24 08:00:00+00:00,1771334101000,1.0,0.0001,0.1,66742.5678,0.0582,0.0575,0.0585,66533.66,48.34,47.89,48.55,149.8,0.4,1768.06,0.45881,3e-05,-45.55871,101.3217
BTC-24APR26-70000-C,BTC,call,70000.0,1777017600000,2026-04-24 08:00:00+00:00,1769673616000,1.0,0.0001,0.1,66742.5678,0.052,0.0515,0.0525,66533.66,47.98,47.61,48.28,2435.7,42.3,132927.95,0.4271,3e-05,-44.69702,100.15971
BTC-24APR26-71000-C,BTC,call,71000.0,1777017600000,2026-04-24 08:00:00+00:00,1771334101000,1.0,0.0001,0.1,66742.5678,0.0469,0.046,0.047,66531.54,47.98,47.37,48.05,95.8,0.4,1094.21,0.39706,3e-05,-43.93478,98.45172
BTC-24APR26-72000-C,BTC,call,72000.0,1777017600000,2026-04-24 08:00:00+00:00,1769990280000,1.0,0.0001,0.1,66742.5678,0.042,0.041,0.042,66531.54,47.85,47.17,47.86,1664.2,45.0,132105.17,0.36757,3e-05,-42.81447,96.19639
BTC-24APR26-73000-C,BTC,call,73000.0,1777017600000,2026-04-24 08:00:00+00:00,1771334101000,1.0,0.0001,0.1,66742.5678,0.0375,0.0365,0.0375,66533.66,47.76,47.02,47.73,666.1,38.2,83145.91,0.33929,3e-05,-41.52608,93.48338
BTC-24APR26-61000-P,BTC,put,61000.0,1777017600000,2026-04-24 08:00:00+00:00,1771334101000,1.0,0.0001,0.1,66742.5678,0.0426,0.042,0.043,66532.96,52.67,52.25,53.0,708.7,2.7,7393.69,-0.29784,3e-05,-43.34791,88.4878
BTC-24APR26-62000-P,BTC,put,62000.0,1777017600000,2026-04-24 08:00:00+00:00,1770297988000,1.0,0.0001,0.1,66742.5678,0.0473,0.047,0.0475,66533.03,51.88,51.68,52.04,376.9,1.0,2988.04,-0.32493,3e-05,-44.34382,91.89121
BTC-24APR26-63000-P,BTC,put,63000.0,1777017600000,2026-04-24 08:00:00+00:00,1771334101000,1.0,0.0001,0.1,66742.5678,0.0526,0.052,0.053,66533.03,51.27,50.82,51.52,134.2,24.3,97084.95,-0.35357,3e-05,-45.26413,94.92297
BTC-24APR26-64000-P,BTC,put,64000.0,1777017600000,2026-04-24 08:00:00+00:00,1770297988000,1.0,0.0001,0.1,66742.5678,0.0584,0.058,0.059,66532.96,50.6,50.36,51.05,351.4,13.6,59672.37,-0.38325,3e-05,-45.8764,97.46995
BTC-24APR26-65000-P,BTC,put,65000.0,1777017600000,2026-04-24 08:00:00+00:00,1770003180000,1.0,0.0001,0.1,66742.5678,0.0648,0.064,0.065,66533.03,50.11,49.61,50.28,1385.4,50.2,217336.46,-0.41396,3e-05,-46.37087,99.48574
BTC-24APR26-66000-P,BTC,put,66000.0,1777017600000,2026-04-24 08:00:00+00:00,1770297988000,1.0,0.0001,0.1,66742.5678,0.0716,0.071,0.0725,66532.96,49.63,49.22,50.2,545.2,21.3,112377.54,-0.44533,3e-05,-46.57681,100.90617
BTC-24APR26-67000-P,BTC,put,67000.0,1777017600000,2026-04-24 08:00:00+00:00,1771334101000,1.0,0.0001,0.1,66742.5678,0.079,0.078,0.0795,66533.66,49.16,48.52,49.5,157.6,15.4,80008.21,-0.47715,3e-05,-46.49936,101.6979
BTC-24APR26-68000-P,BTC,put,68000.0,1777017600000,2026-04-24 08:00:00+00:00,1770255900000,1.0,0.0001,0.1,66742.5678,0.0868,0.086,0.0875,66533.66,48.72,48.18,49.16,478.2,8.6,46483.39,-0.50922,3e-05,-46.14798,101.83786
BTC-24APR26-69000-P,BTC,put,69000.0,1777017600000,2026-04-24 08:00:00+00:00,1771334101000,1.0,0.0001,0.1,66742.5678,0.0953,0.094,0.096,66533.66,48.34,47.52,48.83,78.1,12.6,71140.1,-0.54119,3e-05,-45.55871,101.3217
BTC-24APR26-70000-P,BTC,put,70000.0,1777017600000,2026-04-24 08:00:00+00:00,1769673616000,1.0,0.0001,0.1,66742.5678,0.1042,0.1035,0.105,66533.66,47.98,47.55,48.54,767.4,2.7,17265.88,-0.5729,3e-05,-44.69702,100.15971
BTC-24APR26-71000-P,BTC,put,71000.0,1777017600000,2026-04-24 08:00:00+00:00,1771334101000,1.0,0.0001,0.1,66742.5678,0.114,0.1115,0.115,66531.54,47.98,46.25,48.61,38.0,1.9,13655.73,-0.60294,3e-05,-43.93478,98.45172
BTC-24APR26-72000-P,BTC,put,72000.0,1777017600000,2026-04-24 08:00:00+00:00,1769990280000,1.0,0.0001,0.1,66742.5678,0.1242,0.1215,0.125,66531.54,47.85,45.99,48.42,160.9,8.6,66303.99,-0.63243,3e-05,-42.81448,96.19639
BTC-24APR26-73000-P,BTC,put,73000.0,1777017600000,2026-04-24 08:00:00+00:00,1771334101000,1.0,0.0001,0.1,66742.5678,0.1347,0.132,0.1355,66531.54,47.76,45.79,48.29,1.0,0.0,0.0,-0.66077,3e-05,-41.52176,93.47367
BTC-29MAY26-61000-C,BTC,call,61000.0,1780041600000,2026-05-29 08:00:00+00:00,1772092826000,1.0,0.0001,0.1,66742.5678,0.1459,0.1425,0.149,66743.8311,51.62,49.67,53.38,0.0,0.0,0.0,0.68467,2e-05,-34.01266,116.9713
BTC-29MAY26-62000-C,BTC,call,62000.0,1780041600000,2026-05-29 08:00:00+00:00,1772092826000,1.0,0.0001,0.1,66742.5678,0.1363,0.133,0.1385,66743.8311,51.11,49.25,52.31,0.0,0.0,0.0,0.66222,2e-05,-34.63764,120.29299
BTC-29MAY26-63000-C,BTC,call,63000.0,1780041600000,2026-05-29 08:00:00+00:00,1772092826000,1.0,0.0001,0.1,66742.5678,0.1271,0.1235,0.1295,66743.8311,50.59,48.65,51.9,0.1,0.0,0.0,0.63913,2e-05,-35.12125,123.23577
BTC-29MAY26-64000-C,BTC,call,64000.0,1780041600000,2026-05-29 08:00:00+00:00,1772092826000,1.0,0.0001,0.1,66742.5678,0.1185,0.117,0.1195,66742.8122,50.24,49.45,50.78,0.0,0.0,0.0,0.61534,2e-05,-35.59706,125.77572
BTC-29MAY26-65000-C,BTC,call,65000.0,1780041600000,2026-05-29 08:00:00+00:00,1772092826000,1.0,0.0001,0.1,66742.5678,0.1101,0.109,0.111,66742.8122,49.79,49.25,50.29,3.6,0.2,1300.62,0.59116,2e-05,-35.86533,127.85888
BTC-29MAY26-66000-C,BTC,call,66000.0,1780041600000,2026-05-29 08:00:00+00:00,1772092826000,1.0,0.0001,0.1,66742.5678,0.102,0.101,0.103,66742.8122,49.38,48.85,49.88,37.0,0.0,0.0,0.5666,2e-05,-36.01531,129.46816
BTC-29MAY26-67000-C,BTC,call,67000.0,1780041600000,2026-05-29 08:00:00+00:00,1772092826000,1.0,0.0001,0.1,66742.5678,0.0945,0.0935,0.0955,66742.8122,49.03,48.52,49.55,61.2,13.5,90080.56,0.54181,2e-05,-36.06995,130.58015
BTC-29MAY26-68000-C,BTC,call,68000.0,1780041600000,2026-05-29 08:00:00+00:00,1772092826000,1.0,0.0001,0.1,66742.5678,0.0874,0.0865,0.088,66742.7644,48.71,48.27,49.03,137.9,125.3,807459.25,0.51691,2e-05,-35.99682,131.18378
BTC-29MAY26-69000-C,BTC,call,69000.0,1780041600000,2026-05-29 08:00:00+00:00,1772092826000,1.0,0.0001,0.1,66742.5678,0.0805,0.0795,0.0815,66742.7644,48.36,47.83,48.85,6.0,0.0,0.0,0.49194,3e-05,-35.76585,131.27498
BTC-29MAY26-70000-C,BTC,call,70000.0,1780041600000,2026-05-29 08:00:00+00:00,1772092826000,1.0,0.0001,0.1,66742.5678,0.0742,0.0735,0.075,66742.7644,48.1,47.72,48.49,65.1,0.2,999.57,0.46721,3e-05,-35.4588,130.85808
BTC-29MAY26-71000-C,BTC,call,71000.0,1780041600000,2026-05-29 08:00:00+00:00,1772092826000,1.0,0.0001,0.1,66742.5678,0.0685,0.0675,0.069,66742.7644,47.94,47.43,48.2,4.2,0.0,0.0,0.44301,3e-05,-35.09879,129.95981
BTC-29MAY26-72000-C,BTC,call,72000.0,1780041600000,2026-05-29 08:00:00+00:00,1772092826000,1.0,0.0001,0.1,66742.5678,0.0634,0.062,0.064,66742.7644,47.94,47.23,48.26,5.0,0.0,0.0,0.41976,2e-05,-34.74156,128.63711
BTC-29MAY26-73000-C,BTC,call,73000.0,1780041600000,2026-05-29 08:00:00+00:00,1772092826000,1.0,0.0001,0.1,66742.5678,0.0585,0.057,0.0585,66742.5678,47.91,47.11,47.9,0.6,0.0,0.0,0.39696,2e-05,-34.24668,126.89726
BTC-29MAY26-61000-P,BTC,put,61000.0,1780041600000,2026-05-29 08:00:00+00:00,1772092826000,1.0,0.0001,0.1,66742.5678,0.0598,0.059,0.061,66741.2444,51.62,51.13,52.27,3.5,0.0,0.0,-0.31538,2e-05,-34.01383,116.97533
BTC-29MAY26-62000-P,BTC,put,62000.0,1780041600000,2026-05-29 08:00:00+00:00,1772092826000,1.0,0.0001,0.1,66742.5678,0.0653,0.064,0.066,66739.5133,51.11,50.39,51.5,3.5,0.0,0.0,-0.33787,2e-05,-34.63912,120.29812
BTC-29MAY26-63000-P,BTC,put,63000.0,1780041600000,2026-05-29 08:00:00+00:00,1772092826000,1.0,0.0001,0.1,66742.5678,0.071,0.07,0.072,66742.8122,50.59,50.05,51.13,26.2,12.2,55060.78,-0.36089,2e-05,-35.12147,123.23657
BTC-29MAY26-64000-P,BTC,put,64000.0,1780041600000,2026-05-29 08:00:00+00:00,1772092826000,1.0,0.0001,0.1,66742.5678,0.0774,0.0765,0.0785,66742.8122,50.24,49.77,50.83,22.6,9.5,46789.39,-0.38466,2e-05,-35.59706,125.77572
BTC-29MAY26-65000-P,BTC,put,65000.0,1780041600000,2026-05-29 08:00:00+00:00,1772092826000,1.0,0.0001,0.1,66742.5678,0.0839,0.083,0.085,66742.8122,49.79,49.3,50.35,46.2,0.0,0.0,-0.40884,2e-05,-35.86533,127.85888
BTC-29MAY26-66000-P,BTC,put,66000.0,1780041600000,2026-05-29 08:00:00+00:00,1772092826000,1.0,0.0001,0.1,66742.5678,0.0909,0.09,0.092,66742.8122,49.38,48.91,49.95,44.9,9.0,52202.9,-0.4334,2e-05,-36.01531,129.46816
BTC-29MAY26-67000-P,BTC,put,67000.0,1780041600000,2026-05-29 08:00:00+00:00,1772092826000,1.0,0.0001,0.1,66742.5678,0.0984,0.0975,0.0995,66742.8122,49.03,48.6,49.62,9.4,7.0,43069.3,-0.45819,2e-05,-36.06995,130.58015
BTC-29MAY26-68000-P,BTC,put,68000.0,1780041600000,2026-05-29 08:00:00+00:00,1772092826000,1.0,0.0001,0.1,66742.5678,0.1062,0.1055,0.1075,66742.7644,48.71,48.35,49.37,27.4,27.0,174348.69,-0.48309,2e-05,-35.99682,131.18378
BTC-29MAY26-69000-P,BTC,put,69000.0,1780041600000,2026-05-29 08:00:00+00:00,1772092826000,1.0,0.0001,0.1,66742.5678,0.1144,0.114,0.1165,66742.7644,48.36,48.18,49.45,0.0,0.0,0.0,-0.50806,3e-05,-35.76585,131.27498
BTC-29MAY26-70000-P,BTC,put,70000.0,1780041600000,2026-05-29 08:00:00+00:00,1772092826000,1.0,0.0001,0.1,66742.5678,0.123,0.1225,0.125,66742.8122,48.1,47.82,49.1,1.9,0.0,0.0,-0.53279,3e-05,-35.45883,130.85821
BTC-29MAY26-71000-P,BTC,put,71000.0,1780041600000,2026-05-29 08:00:00+00:00,1772092826000,1.0,0.0001,0.1,66742.5678,0.1323,0.1315,0.134,66742.7644,47.94,47.54,48.83,2.8,0.4,3337.3,-0.55699,3e-05,-35.09879,129.95981
BTC-29MAY26-72000-P,BTC,put,72000.0,1780041600000,2026-05-29 08:00:00+00:00,1772092826000,1.0,0.0001,0.1,66742.5678,0.1421,0.141,0.1435,66742.5678,47.94,47.35,48.64,0.4,0.4,3578.56,-0.58024,2e-05,-34.74135,128.6364
BTC-29MAY26-73000-P,BTC,put,73000.0,1780041600000,2026-05-29 08:00:00+00:00,1772092826000,1.0,0.0001,0.1,66742.5678,0.1523,0.1485,0.155,66742.7644,47.91,45.92,49.34,0.0,0.0,0.0,-0.60303,2e-05,-34.24689,126.89805
BTC-26JUN26-62000-C,BTC,call,62000.0,1782460800000,2026-06-26 08:00:00+00:00,1771334177000,1.0,0.0001,0.1,66742.5678,0.1513,0.147,0.154,66912.3,51.18,49.08,52.45,4.4,0.0,0.0,0.65842,2e-05,-30.44407,138.91161
BTC-26JUN26-64000-C,BTC,call,64000.0,1782460800000,2026-06-26 08:00:00+00:00,1771334177000,1.0,0.0001,0.1,66742.5678,0.1339,0.133,0.135,66912.47,50.38,49.95,50.88,16.3,0.0,0.0,0.6174,2e-05,-31.15453,144.39281
BTC-26JUN26-65000-C,BTC,call,65000.0,1782460800000,2026-06-26 08:00:00+00:00,1769522651000,1.0,0.0001,0.1,66742.5678,0.1254,0.125,0.1265,66912.47,49.88,49.68,50.36,1080.4,1.7,14332.41,0.59632,2e-05,-31.30384,146.55539
BTC-26JUN26-66000-C,BTC,call,66000.0,1782460800000,2026-06-26 08:00:00+00:00,1771334177000,1.0,0.0001,0.1,66742.5678,0.1176,0.117,0.1185,66912.47,49.53,49.27,49.94,110.5,0.2,1514.05,0.57498,2e-05,-31.45562,148.30304
BTC-26JUN26-68000-C,BTC,call,68000.0,1782460800000,2026-06-26 08:00:00+00:00,1771334177000,1.0,0.0001,0.1,66742.5678,0.103,0.102,0.104,66912.3,48.92,48.48,49.37,936.4,19.8,138772.94,0.53191,2e-05,-31.53065,150.49417
BTC-26JUN26-70000-C,BTC,call,70000.0,1782460800000,2026-06-26 08:00:00+00:00,1750924810000,1.0,0.0001,0.1,66742.5678,0.0894,0.0885,0.0905,66912.3,48.22,47.82,48.71,1073.3,32.3,203792.49,0.4884,2e-05,-31.16104,150.91372
BTC-26JUN26-72000-C,BTC,call,72000.0,1782460800000,2026-06-26 08:00:00+00:00,1771334177000,1.0,0.0001,0.1,66742.5678,0.0781,0.077,0.079,66912.47,47.98,47.51,48.41,316.9,0.2,1005.23,0.44657,2e-05,-30.74437,149.62173
BTC-26JUN26-62000-P,BTC,put,62000.0,1782460800000,2026-06-26 08:00:00+00:00,1771334177000,1.0,0.0001,0.1,66742.5678,0.0779,0.077,0.079,66912.3,51.18,50.97,51.69,723.8,9.2,46541.8,-0.34158,2e-05,-30.44407,138.91161
BTC-26JUN26-64000-P,BTC,put,64000.0,1782460800000,2026-06-26 08:00:00+00:00,1771334177000,1.0,0.0001,0.1,66742.5678,0.0904,0.09,0.0915,66912.47,50.38,50.19,50.89,57.0,0.7,4210.07,-0.3826,2e-05,-31.15453,144.39281
BTC-26JUN26-65000-P,BTC,put,65000.0,1782460800000,2026-06-26 08:00:00+00:00,1769522651000,1.0,0.0001,0.1,66742.5678,0.0969,0.0965,0.098,66912.47,49.88,49.72,50.4,1697.8,15.7,108944.4,-0.40368,2e-05,-31.30384,146.55539
BTC-26JUN26-66000-P,BTC,put,66000.0,1782460800000,2026-06-26 08:00:00+00:00,1771334177000,1.0,0.0001,0.1,66742.5678,0.104,0.103,0.1055,66912.47,49.53,49.1,50.23,428.1,23.6,162843.12,-0.42502,2e-05,-31.45562,148.30304
BTC-26JUN26-68000-P,BTC,put,68000.0,1782460800000,2026-06-26 08:00:00+00:00,1771334177000,1.0,0.0001,0.1,66742.5678,0.1193,0.1185,0.1205,66912.47,48.92,48.59,49.48,1055.4,5.7,45168.01,-0.46808,2e-05,-31.5307,150.49444
BTC-26JUN26-70000-P,BTC,put,70000.0,1782460800000,2026-06-26 08:00:00+00:00,1750924810000,1.0,0.0001,0.1,66742.5678,0.1355,0.1355,0.1375,66912.85,48.22,48.2,49.09,2425.6,3.1,25899.79,-0.51158,2e-05,-31.16194,150.91511
BTC-26JUN26-72000-P,BTC,put,72000.0,1782460800000,2026-06-26 08:00:00+00:00,1771334177000,1.0,0.0001,0.1,66742.5678,0.1541,0.154,0.1565,66912.85,47.98,47.95,49.06,85.1,0.0,0.0,-0.55342,2e-05,-30.74463,149.623
BTC-25SEP26-62000-C,BTC,call,62000.0,1790323200000,2026-09-25 08:00:00+00:00,1771334177000,1.0,0.0001,0.1,66742.5678,0.1922,0.1905,0.194,67591.2,51.37,50.74,52.0,0.2,0.0,0.0,0.6615,1e-05,-23.06098,186.53076
BTC-25SEP26-64000-C,BTC,call,64000.0,1790323200000,2026-09-25 08:00:00+00:00,1771334177000,1.0,0.0001,0.1,66742.5678,0.1761,0.1745,0.1775,67592.7,50.84,50.28,51.33,35.8,0.0,0.0,0.63088,1e-05,-23.54197,192.39386
BTC-25SEP26-65000-C,BTC,call,65000.0,1790323200000,2026-09-25 08:00:00+00:00,1769522675000,1.0,0.0001,0.1,66742.5678,0.168,0.1665,0.1695,67592.7,50.46,49.93,50.97,483.6,2.0,24191.24,0.61527,1e-05,-23.66548,194.88976
BTC-25SEP26-66000-C,BTC,call,66000.0,1790323200000,2026-09-25 08:00:00+00:00,1771334177000,1.0,0.0001,0.1,66742.5678,0.1607,0.1595,0.162,67592.7,50.29,49.86,50.72,36.8,0.0,0.0,0.59969,2e-05,-23.84929,197.05666
BTC-25SEP26-68000-C,BTC,call,68000.0,1790323200000,2026-09-25 08:00:00+00:00,1771334177000,1.0,0.0001,0.1,66742.5678,0.1467,0.1455,0.148,67592.7,49.9,49.47,50.32,86.3,0.0,0.0,0.56839,2e-05,-24.07074,200.44589
BTC-25SEP26-70000-C,BTC,call,70000.0,1790323200000,2026-09-25 08:00:00+00:00,1763436240000,1.0,0.0001,0.1,66742.5678,0.1338,0.1325,0.135,67593.62,49.55,49.13,49.96,96.3,0.0,0.0,0.53719,2e-05,-24.15669,202.56044
BTC-25SEP26-72000-C,BTC,call,72000.0,1790323200000,2026-09-25 08:00:00+00:00,1771334177000,1.0,0.0001,0.1,66742.5678,0.1221,0.121,0.123,67593.62,49.35,49.0,49.66,58.7,0.0,0.0,0.5066,2e-05,-24.15943,203.41722
BTC-25SEP26-62000-P,BTC,put,62000.0,1790323200000,2026-09-25 08:00:00+00:00,1771334177000,1.0,0.0001,0.1,66742.5678,0.1095,0.108,0.111,67592.7,51.37,50.82,51.91,32.3,2.0,13860.91,-0.33848,1e-05,-23.06095,186.53045
BTC-25SEP26-64000-P,BTC,put,64000.0,1790323200000,2026-09-25 08:00:00+00:00,1771334177000,1.0,0.0001,0.1,66742.5678,0.123,0.1215,0.1245,67592.7,50.84,50.33,51.39,55.6,2.0,15906.37,-0.36912,1e-05,-23.54197,192.39386
BTC-25SEP26-65000-P,BTC,put,65000.0,1790323200000,2026-09-25 08:00:00+00:00,1769522675000,1.0,0.0001,0.1,66742.5678,0.1297,0.128,0.1315,67592.7,50.46,49.88,51.1,305.7,4.5,36690.63,-0.38473,1e-05,-23.66548,194.88976
BTC-25SEP26-66000-P,BTC,put,66000.0,1790323200000,2026-09-25 08:00:00+00:00,1771334177000,1.0,0.0001,0.1,66742.5678,0.1372,0.1355,0.139,67592.7,50.29,49.71,50.91,12.1,0.0,0.0,-0.40031,2e-05,-23.84929,197.05666
BTC-25SEP26-68000-P,BTC,put,68000.0,1790323200000,2026-09-25 08:00:00+00:00,1771334177000,1.0,0.0001,0.1,66742.5678,0.1528,0.1505,0.1545,67593.62,49.9,49.13,50.48,7.3,0.0,0.0,-0.4316,2e-05,-24.0709,200.44738
BTC-25SEP26-70000-P,BTC,put,70000.0,1790323200000,2026-09-25 08:00:00+00:00,1763436240000,1.0,0.0001,0.1,66742.5678,0.1694,0.167,0.171,67592.75,49.55,48.76,50.09,602.0,0.0,0.0,-0.46282,2e-05,-24.15646,202.55849
BTC-25SEP26-72000-P,BTC,put,72000.0,1790323200000,2026-09-25 08:00:00+00:00,1771334177000,1.0,0.0001,0.1,66742.5678,0.1873,0.181,0.192,67592.75,49.35,47.27,50.92,7.4,0.0,0.0,-0.49342,2e-05,-24.15913,203.41471
BTC-25DEC26-62000-C,BTC,call,62000.0,1798185600000,2026-12-25 08:00:00+00:00,1771334177000,1.0,0.0001,0.1,66742.5678,0.228,0.2255,0.2295,68342.46,52.18,51.4,52.63,59.4,0.1,1592.71,0.67088,1e-05,-19.53163,223.67785
BTC-25DEC26-64000-C,BTC,call,64000.0,1798185600000,2026-12-25 08:00:00+00:00,1771334177000,1.0,0.0001,0.1,66742.5678,0.2121,0.21,0.2145,68342.46,51.58,50.95,52.28,9.6,0.0,0.0,0.6458,1e-05,-19.85491,230.00584
BTC-25DEC26-65000-C,BTC,call,65000.0,1798185600000,2026-12-25 08:00:00+00:00,1768232790000,1.0,0.0001,0.1,66742.5678,0.2048,0.2025,0.207,68342.27,51.38,50.71,52.03,259.3,0.0,0.0,0.63318,1e-05,-20.01686,232.79195
BTC-25DEC26-66000-C,BTC,call,66000.0,1798185600000,2026-12-25 08:00:00+00:00,1771334177000,1.0,0.0001,0.1,66742.5678,0.1977,0.1955,0.2,68342.27,51.21,50.57,51.88,14.8,0.0,0.0,0.62055,1e-05,-20.16702,235.31917
BTC-25DEC26-68000-C,BTC,call,68000.0,1798185600000,2026-12-25 08:00:00+00:00,1771334177000,1.0,0.0001,0.1,66742.5678,0.1841,0.182,0.186,68342.27,50.87,50.28,51.42,75.8,0.6,6824.52,0.59523,1e-05,-20.39842,239.60629
BTC-25DEC26-70000-C,BTC,call,70000.0,1798185600000,2026-12-25 08:00:00+00:00,1766649615000,1.0,0.0001,0.1,66742.5678,0.1713,0.169,0.1735,68342.27,50.57,49.94,51.2,576.0,55.5,684891.13,0.57001,1e-05,-20.55594,242.85962
BTC-25DEC26-72000-C,BTC,call,72000.0,1798185600000,2026-12-25 08:00:00+00:00,1771334177000,1.0,0.0001,0.1,66742.5678,0.1592,0.157,0.1615,68342.27,50.29,49.68,50.93,70.9,50.2,559405.1,0.54495,1e-05,-20.62981,245.10015
BTC-25DEC26-62000-P,BTC,put,62000.0,1798185600000,2026-12-25 08:00:00+00:00,1771334177000,1.0,0.0001,0.1,66742.5678,0.1352,0.1335,0.137,68342.46,52.18,51.65,52.72,2.8,0.1,852.31,-0.32912,1e-05,-19.53163,223.67785
BTC-25DEC26-64000-P,BTC,put,64000.0,1798185600000,2026-12-25 08:00:00+00:00,1771334177000,1.0,0.0001,0.1,66742.5678,0.1486,0.147,0.152,68342.27,51.58,51.11,52.59,39.5,0.0,0.0,-0.3542,1e-05,-19.85516,230.0056
BTC-25DEC26-65000-P,BTC,put,65000.0,1798185600000,2026-12-25 08:00:00+00:00,1768232790000,1.0,0.0001,0.1,66742.5678,0.1559,0.154,0.1595,68342.46,51.38,50.83,52.45,277.5,0.2,2097.72,-0.36682,1e-05,-20.01687,232.79212
BTC-25DEC26-66000-P,BTC,put,66000.0,1798185600000,2026-12-25 08:00:00+00:00,1771334177000,1.0,0.0001,0.1,66742.5678,0.1634,0.1615,0.167,68342.27,51.21,50.65,52.25,27.2,0.4,4453.02,-0.37945,1e-05,-20.16702,235.31917
BTC-25DEC26-68000-P,BTC,put,68000.0,1798185600000,2026-12-25 08:00:00+00:00,1771334177000,1.0,0.0001,0.1,66742.5678,0.179,0.1765,0.1825,68342.27,50.87,50.14,51.86,19.0,0.0,0.0,-0.40477,1e-05,-20.39842,239.60629
BTC-25DEC26-70000-P,BTC,put,70000.0,1798185600000,2026-12-25 08:00:00+00:00,1766649615000,1.0,0.0001,0.1,66742.5678,0.1955,0.1925,0.1995,68342.27,50.57,49.72,51.69,771.3,0.0,0.0,-0.42999,1e-05,-20.55594,242.85962
BTC-25DEC26-72000-P,BTC,put,72000.0,1798185600000,2026-12-25 08:00:00+00:00,1771334177000,1.0,0.0001,0.1,66742.5678,0.2127,0.2075,0.22,68342.46,50.29,48.83,52.32,1.5,0.0,0.0,-0.45505,1e-05,-20.62985,245.10066
